X1,X2,X3,target,y
10.305439718013574,5.618101782710437,4.706609943382088,0.1144118428061795,1.7889089455241536
12.921250050065138,14.260714596148745,11.947028322720433,-0.3825100912326044,2.5005787298129034
4.142842443583717,10.979909127171076,9.198507160267779,1.1738138685082071,6.175306252209419
12.11370683729059,8.979877262955549,7.522964383850446,0.4073289927476293,8.81528564716803
5.738466579995411,2.340279606636548,1.960588058548104,2.109282638018052,8.717353997368003
20.820482181197363,2.3399178050430396,1.9602849563539113,2.264652937150189,8.978252108898436
4.780328112162488,0.8712541825229919,0.7299001971262966,0.2824683005415368,7.950744491249899
5.058208718446,12.992642186624028,10.884690465125033,1.2576925292757724,1.951084641297833
11.269311924352955,9.016725176148132,7.553834019420028,0.1797859030744491,8.508442138988654
11.310958650689631,10.621088666940684,8.897902434449776,-0.0500909663589685,6.129442243301167
4.528068134210566,0.3087674144370367,0.2586723842302159,0.1310315281760771,6.310099768535059
21.40934744018558,14.548647782429915,12.188246664785934,0.066836487847572,4.0117222575470075
18.978767182869287,12.486639612006329,10.460782739493968,2.4488780786036655,2.324477310834966
3.799703592944224,3.185086660174142,2.6683319607066496,2.5159446186286747,6.156894222700571
5.0970775493480405,2.727374508106509,2.2848799248681293,2.460793762072232,7.30439979575279
4.246263835642511,2.7510676478015075,2.304729043163138,3.135686675678687,8.325487557754618
3.1327348074082515,4.563633644393066,3.8232207815734585,0.2486849328487939,2.9750188002131837
14.514655968412924,7.871346474483568,6.594283802159332,1.9468250690500677,6.6121163990662595
10.515592769612129,6.479175279631736,5.427981189283108,0.7139504406791993,2.572692225818428
16.618321212682858,4.368437102970629,3.6596933094297617,0.4701981167071664,3.481569726216906
10.761754204811233,9.177793420835693,7.688770236549906,0.4023380774575852,9.121484540738624
22.63238206483739,2.0924079097806274,1.7529315513813317,1.161570980118596,8.384084772787501
12.018888601172693,4.3821697280282725,3.6711979264952537,0.4730228066940414,3.4798858387129465
5.473237624573545,5.495427649405375,4.603838701788307,-0.0967907712260101,1.489462650892217
12.41995293947973,6.841049763255539,5.731144447756212,1.1651977074664197,3.1472608096213337
20.472597482413043,11.777639420895204,9.866812128350379,2.7625231023715764,3.548187441537977
21.246085192497628,2.995106732375396,2.5091747485727667,3.066568303218011,7.379905572618408
20.65020117795866,7.713516576204174,6.4620605357723,1.7672439484681015,5.583355703221827
14.21991620833504,8.886218532930638,7.444501029666229,0.6696561164094105,9.038525135525592
5.827183249036024,0.6967561907999659,0.5837131014294349,-0.2534810834045111,6.68163742758408
18.443370826476094,9.113172778521577,7.634633773839431,0.0928612753624237,8.522702631057538
20.223787951638897,2.557861855309373,2.1428693369433294,2.335384912350095,7.922866235808752
12.565950739567278,0.9757738947791929,0.8174624265074698,0.4839362744578042,8.47643196105612
20.840643548988723,14.233283058799998,11.924047331730703,0.0794334434720775,3.20157675739278
19.950536290347568,14.48448049611839,12.134490004712047,0.3158105082250764,4.250894110707669
21.794557863517788,12.125960221746915,10.158620680096579,2.507109561510274,2.1131711121585823
18.92991523367385,4.56920653760056,3.8278895176694334,0.3361752765256638,3.115656348869728
3.754261221288012,1.465081710095758,1.2273839832921611,0.551292569894718,8.940454620459416
10.759153584671516,10.263495397682354,8.59832579773641,0.1727214021023954,7.8155053342372565
20.681891489626313,6.602287406094019,5.531119363166235,1.2130333205457036,3.341718923687364
10.487870533623894,1.8305735226716824,1.5335776881816923,0.6089979876013463,8.438931907414384
20.196554776511576,7.427653651669052,6.222576572131439,2.412363602469193,5.6926729976432835
8.547118252896622,0.5158278167282759,0.43213890121355036,0.6959361761349996,7.815298185434651
12.088827651021733,13.639806031181733,11.426857179720074,0.0950023699793094,1.8390750143699788
5.787084603742452,3.8816997240002538,3.25192515636286,1.2451593363072213,4.5918679815742856
11.69543192093551,9.93783426530973,8.32550056546399,0.4839481244908251,9.044769987106317
20.271578837195374,4.675666141341164,3.9170769067402498,0.6555607209896002,3.5395692341191825
9.193812118461215,7.801020317667162,6.535367498796766,1.669883869303501,5.8118820101935915
21.69645636829004,8.200654190149194,6.870163988907484,1.0980761800665857,6.928374420457595
6.158110873500068,2.7728168328829055,2.3229495978493477,2.764555906090548,7.614875668130138
20.456753219153786,14.54376941646838,12.184159774474926,-0.3986910202129393,3.2223703292683896
19.44777695571903,11.626992350416716,9.74060633371037,2.33473692879967,3.653560100846195
3.622330632042909,14.092484123462835,11.806091891493772,-0.2636093641624197,2.2859975531114225
20.872457328280145,13.422410256414732,11.244732121338885,0.1663354625054772,1.4241797007337471
20.082283989275425,8.968499682166277,7.513432724057592,0.2213616423438061,8.481657698291473
12.305195453800836,13.828113525346753,11.584613297129337,0.1763629832270338,2.4069450309385463
12.794706266872923,1.3273875307787923,1.11202957737636,0.648012755943747,9.113347849752735
4.765863043050819,2.939742936287178,2.462793283221943,2.689620799845603,6.898329459293299
19.832881919683143,0.678409333658071,0.5683428743325181,0.3089856066775109,7.575987803774994
3.4493365689338673,4.8799549614489655,4.088221508463235,0.0254350676811424,2.2529307587781604
4.672337853402232,5.8301593453422305,4.884262871622674,0.1092005521330302,1.726837119451583
21.79768652684952,4.070235476608438,3.409872499118299,1.1567475854364238,4.609653517839681
4.506999065341167,12.43106263727894,10.41422268202402,2.1544650298356087,1.713614880530401
20.935678393147462,5.3512999004038395,4.483094521137198,0.1464039609499502,1.9828103727912127
12.746997436868174,4.214017645310712,3.530327167094904,0.7371101442109267,3.9566643253131017
5.173180925851182,8.140441247373728,6.819720111927635,1.4748179225559137,7.235288371768877
12.549897369145272,2.11386337462144,1.7709060395741982,1.4547839052408855,8.77474103577818
4.52082576215471,12.032954711310596,10.080704565875214,3.733333773860552,4.2930216860517945
4.437712470759028,1.1182596551965625,0.9368310180190335,-0.1043643779835931,7.701027581315654
20.20838280794755,14.80330404900776,12.401586999791684,-0.1581397429079906,4.360365440453961
6.564643655814006,11.58367153944986,9.704313975982094,2.3356397583718183,3.922745773733257
11.35967839507887,2.9807352230125863,2.49713490104338,2.8322436786356744,7.024939081594512
20.7604146561443,0.0828317568540359,0.06939297035108678,-0.190611728486776,5.123986956438613
10.533667132802174,12.231921426822511,10.247390531678183,3.199605194278221,3.229268372419842
6.402794310936099,10.602860157714256,8.882631354270673,0.8522525603915319,7.716168014516229
11.811319619850527,10.93510752061481,9.160974254127462,0.7940261022228184,5.827267768551639
4.684730755359654,11.569055200289188,9.69206902032088,2.2418281626583045,3.859403392132722
3.5641378488205606,1.1106697760113553,0.930472535701732,0.2259286670724567,8.24236600066183
4.986502775262066,5.376985928164089,4.504613197433599,-0.1330561720659292,1.4991659347384574
4.807639035218878,1.7380358928769457,1.4560535447300238,0.8000962575305361,8.993450841131152
5.81286211883896,12.946551388133903,10.846077528075789,1.2855240520933828,1.8404999642455473
6.307142754282428,9.349471902413368,7.832595264950941,-0.3866667932391534,7.941327563643288
4.539361229040212,4.963470372789738,4.158187215857822,0.5309707412389749,2.9976298206500234
11.296236521842944,0.9533752542903544,0.7986977853314343,0.5842625007690833,8.605507610840341
5.633919022318011,4.664734825734933,3.9079191091928878,0.0045427295234905,2.4663792073118773
14.8151937188371,4.877749830401205,4.08637414219661,-0.0259743263961051,2.1698579897182237
19.65731240591965,10.94409267507096,9.168501639522345,1.0695783161089,6.230113577607391
21.16929559044567,9.563362070328196,8.01178347300329,0.1365715825511311,8.82374126270642
13.801820883245917,13.308191138644895,11.149044136996158,0.7394210314242611,2.0704090404201945
7.143944089325325,7.08322387742924,5.934027759216935,2.2841556554809803,5.007730186442391
12.320969866101333,1.7939136890745255,1.5028656178055184,0.6473661067529389,8.603453974061171
19.429253706250524,10.698671808344924,8.962898335003905,0.3122321547588697,6.360561855590574
11.617534173868718,11.411775729253462,9.560306878783194,1.7087256050271749,4.037439993969964
18.51443962696303,8.419157963542444,7.053217282047185,0.6399715096877809,7.271088656824388
20.2438007137712,11.564507699318415,9.688259314816355,2.4717991076342374,4.271884848506173
22.01020453876635,7.406933945465861,6.205218471653443,2.52111959297768,5.82467139244713
18.841635310807455,7.840992440729911,6.568854466306717,1.625175951460739,5.927492791769918
14.03080856124812,6.413115275378244,5.372638889534073,0.6809103351643991,2.5474575342040233
13.689847544321635,0.3812869011614278,0.3194261673596691,-0.0017727496454296,6.290864875024799
4.5599555133030165,1.6183714048995668,1.355803657709939,0.8012491545221445,9.213619490467726
11.10093746556934,0.4714377853010137,0.3949507954470152,0.763096268971114,7.810135917418592
20.459180079228435,9.546156168956706,7.997369090777406,-0.1215904265783291,8.398647281973052
19.424362173762223,4.7153397161449,3.9503137630455996,0.0122444651393616,2.4233635162730707
15.09112188732298,7.628560367470541,6.390887788776455,2.280464411875106,6.098310770921664
20.243339449322693,13.613497108891396,11.404816668522425,0.426637890975748,2.329966807222498
5.62834550926428,3.739383437233124,3.132698542764515,2.2906053788953176,6.154482640342
4.116142563798867,6.155743845534446,5.157023904669759,0.5036039895001748,2.332276950299691
20.21101746720262,11.333267078145733,9.494535625032983,1.815584441881017,4.7764000940018
14.052947336298525,3.431972482374337,2.8751625434532113,2.6665227585301694,6.416839574805563
4.153206281931595,1.154698647431895,0.9673580767685631,0.4322178792058274,8.636214544558127
11.022245838296762,4.346271793706521,3.64112414336345,0.7360026224826588,3.933690937008666
19.105392697780495,2.4183193088100663,2.02596644655788,2.2910141591324145,8.597288904399965
13.425635757279077,13.945464785138595,11.68292525863642,0.3881403576108988,3.028084051455195
6.586016816145352,12.121805693466252,10.15514019062307,3.306607358636577,3.4496594904044615
11.377068129148798,9.501056347656352,7.959586352837298,0.4569465047687167,9.37158100267612
10.638654506937604,13.071908852815763,10.951096752107038,1.1454845104117013,2.0278163126475754
9.86661943560349,12.055081153486716,10.099241170726037,2.9407765706220363,2.930767431342884
20.19408999289831,2.7985508832905377,2.344508505504741,2.9247061034990955,7.776982270449726
20.642722759867542,13.388384977349666,11.21622717020631,0.7984380006827942,2.3881128126950246
5.361395605508414,8.09013362873476,6.777574499891429,1.1667538637216828,6.452261414369058
14.255989482874032,12.111602327460938,10.146592238707287,3.0734684857755026,3.0717201574949833
20.572582781356157,13.4413694988524,11.260615379141496,0.2577098464536015,1.6255445115306193
21.159329803364248,4.770052124577958,3.9961495231505326,0.1405327619554122,2.5743922306499543
3.5214780096325726,1.6507788679151514,1.3829532704382708,0.8694195549448533,9.277658510893229
4.160782476777362,3.4190274381291252,2.8643177285462373,2.574230615711301,6.253624405561992
6.305478807154329,6.406616829393845,5.367194764156916,0.6190716175891804,2.4471364979376484
6.523029856408026,12.270221488837397,10.279476716600314,2.380790840166582,1.8797657298601624
21.4533844771177,12.910958748845152,10.816259508312745,1.532225605647866,2.1292453049625775
4.018491348952049,0.1042819579678605,0.08736304881434408,0.1943299263260365,5.828123954126173
19.29682357487411,7.661209538663486,6.418239894473935,2.597668997241285,6.752882766655748
11.78643077246806,6.261165047231685,5.2453413640790005,0.3387741777271346,2.031523138756643
5.208863595004756,3.3316171570609536,2.791089062719041,2.753328351679772,6.511373046004247
19.692221765047,1.797980510005242,1.5062726297413596,0.7821588241688321,8.817408581160066
20.55979044793104,5.06422757105442,4.242597368888386,0.5208601485863348,2.867907381921553
10.44713651637094,14.143645558687789,11.848952795240388,0.0017114485718552,2.851308112647308
5.58685709380027,4.848043980311329,4.061487827420343,0.1840741814543482,2.555127378379225
18.870948228782773,7.781859326150491,6.519315224080961,2.0296272374007738,6.322744194473668
20.11422764866204,10.545284383427669,8.834396786397742,0.4176371912983621,7.241676566802605
4.307090404739346,5.454444035689409,4.56950434985027,-0.0962065638340655,1.5124504796089304
12.808365065526989,14.57673124081441,12.211773807865434,0.0621498684637584,4.08180200238772
14.77343414241802,14.436709424131667,12.094469405030022,0.3300049607434328,4.145784041613912
2.3802548959102556,3.7767344373804623,3.163989643475744,1.3330310563183958,4.608359439217169
9.558686343175255,7.458727588385781,6.248609012480077,2.036486988574575,5.145491917233849
19.469003044998185,4.513174647251545,3.7809483509795094,0.0941221259953027,2.761564754848358
19.904704467613048,4.272607415662014,3.579411218324548,0.9525493009453668,4.313646528473682
19.29565630945724,0.5533042103179919,0.46353505128941475,-0.4494173900780069,6.003301760571775
10.787552571967272,9.143465009698453,7.660011334086396,-0.0325390506658626,8.354902424315934
5.611676288840868,7.540185348432923,6.316850905957937,2.1099364546904606,5.506413277046366
20.2029230208513,0.7721812687498403,0.6469010669717717,0.4906292728111469,8.092269741486051
19.47727697948096,4.179696963549172,3.501574739978038,0.7262754732516623,3.934223731721713
12.353421837162848,13.623988289499806,11.413605739436257,0.0480946085931625,1.7237857032796744
4.216746707663763,3.5934283600045864,3.0104235031977673,2.6738562781057325,6.598355220286071
21.77080063563551,2.1734230813683464,1.8208026628184768,1.0805465133264271,7.867181039260447
20.27902152577034,7.341791404163446,6.150644783868953,1.2909196184098557,3.638062194848851
10.95041173801112,14.78475681165901,12.386048902565227,0.1332902841451009,4.792295951063853
20.22213377163371,3.630829072672506,3.04175625097285,1.8644806304221069,5.297820111142724
11.866319940730817,10.08203321108818,8.446304391787448,-0.2280499673499094,7.59314510524592
12.490391060646244,11.424294229930764,9.570794353386333,2.366181202180442,5.044934938748649
19.81601666364732,3.564563159885995,2.9862414496945764,2.2543526804545424,5.863445148299779
19.9668730271262,10.923245229177894,9.151036524092007,0.7718148925457808,5.864134756687176
5.261055272179889,5.516746990788798,4.6216991514601835,-0.3396084377771678,1.0742310673770765
11.972230296011416,9.484587458903691,7.9457894088591265,0.3060491665313416,9.121488853408787
3.803793375919329,9.50294566141342,7.961169140629173,0.2371394761042293,9.005013798960205
8.85273149065472,8.036620261121378,6.732743245874614,1.4698289029935507,6.67139810392074
5.068562974806027,1.3543465508161243,1.1346147131889632,0.7539660856368626,9.295618625735624
22.29889812361925,12.52953743383857,10.496720734673483,1.945396611644474,1.5914969430867187
10.686572619922863,4.811700974576038,4.031041182133047,-0.3435741941657566,1.718701571383716
9.782120631330235,2.797777655997814,2.343860728122774,2.672220567122038,7.359255190503721
18.99837999010509,0.6116271233214587,0.5123955406301208,-0.0036812286692325,6.893139878606201
6.538036566465969,8.863394147823627,7.425379717512926,0.3848674472000659,8.505086609359712
10.313036862243196,10.163465427634236,8.514524885991882,0.0321635928155754,7.843188603983192
11.631385403871084,0.2488174339178422,0.20844880599502857,0.1071652356154026,6.10032656713313
5.852433334796224,7.681395874489215,6.435151159629403,1.559800196424553,5.104065959690066
5.013001891877907,3.3974366279690695,2.8462298537238686,2.994791860506398,6.940686657384587
9.929847812677664,9.677591856141747,8.10748039458542,0.0064356714151744,8.547067511344428
10.225112231001336,2.6154964350748715,2.1911531695790694,2.9228883534838337,8.606496649048827
5.010233061019587,10.364066071536987,8.682579688442623,0.3098214241077955,7.737046399550481
12.718469738619588,5.801030194508061,4.8598596912850915,0.2497424966874192,1.9663660049369147
12.007865549577277,14.050949831051016,11.7712962040503,0.2156301329571413,2.986178650340578
4.708306250206723,2.0628141621898988,1.7281391513751387,1.3807569380700568,8.880619249368605
6.865774511144757,5.115995265753877,4.285966171384678,0.2337077666185394,2.3347823294321057
5.067528204687924,1.702102818608836,1.4259503228255999,0.9553366448424164,9.327924773966192
17.91807059211628,13.870404274178442,11.620042712021188,0.1496924622901824,2.458801485754417
21.206508966508355,13.160090300714716,11.024971469147637,0.9936877816611988,2.056014109883257
20.48937456122792,3.869124415727334,3.241390090739705,1.3825830653882931,4.806420629834741
20.63240773905552,9.899760690512686,8.293604122029778,0.4747735307153696,9.087251993659864
19.081348053515804,12.258333003018237,10.269517042010508,2.6034088531844963,2.244511175261011
21.446977884353732,8.328012173991935,6.976859163951847,1.5478578517230113,8.338252362725711
4.110485570374477,7.944758675340097,6.65578546373126,1.6290038493359544,6.454055438267239
19.55356638544947,3.627784363506775,3.0392055213868825,1.593601241574742,4.84234162644856
4.698896304410711,1.396541517088488,1.169963885471557,0.2677903243865149,8.48662998192596
5.3287511096596845,13.458236369299902,11.274745735484677,0.1534630668240612,1.4949798791863826
20.352055396514295,13.506270857449955,11.314987014175653,0.5624856486750904,2.2973518061661773
13.044309547220127,9.49652185909902,7.9557875485867635,-0.1529517203307044,8.35556589316529
14.033456788207426,5.0854468657305105,4.260374003626723,-0.0892235262619767,1.828417380010041
3.8490064225776974,5.238143619189914,4.388296936665409,-0.5348352141451,0.9374387449032549
13.389266321297464,10.889335183053593,9.12262811028214,0.7380759423649381,6.015353575070662
8.898836849940185,13.456653899288655,11.273420008508182,-0.3677310871511208,0.6222903943709752
22.52693242587362,13.30629636397676,11.147456774282123,0.0693778523469839,0.9483405503824125
9.517714992201345,11.698133187864356,9.800205142322564,2.9668391237917247,4.296862358362252
21.065480375065352,9.630474692314316,8.068007611721887,0.2680421288200022,9.013043154900293
11.398169292171245,1.2620994749257326,1.057333983606991,0.2739972674298606,8.461400430379575
4.348399652394183,2.4244307114192063,2.0310863232352148,1.863919443474655,7.85224493611029
18.289831607343373,13.478312827906189,11.29156495011604,0.3229818738340801,1.8283465547072357
5.296984673233186,9.09643589489385,7.620612314999736,0.1559543852883187,8.603323323207574
11.836859777314714,0.1379557742494447,0.11557355917395933,-0.3466782439475657,5.024425196034483
19.27286282417513,1.5220731429904817,1.275129014465393,0.7886998523564754,9.29982685343261
12.180443447567848,9.952526536620836,8.337809133894797,0.3134343142646474,8.73695454104266
4.080575765766197,0.0759237576932803,0.06360573850723758,-0.0657087456619659,5.3119879195815045
12.072127419992071,2.41212077126248,2.020773571885214,2.131448177440673,8.365042418520767
4.280155791605291,8.231006840498791,6.895592165802223,1.2345924569840006,7.316126419253828
6.441273289066116,10.3784279653904,8.69461148050169,-0.39567166413054,6.51361045487291
19.925566570899953,9.779418892539008,8.192786813114074,-0.0414148362550694,8.37744488314881
11.626445940665432,3.3640396419083967,2.818251260107802,2.423048276034738,5.971085862953874
14.633011263664809,10.682688320213035,8.949508039298872,0.2286303089093789,6.300714639054632
3.3872841288103483,3.558736312452001,2.9813599614033164,2.1112058620570737,5.617867581866363
5.314247332595274,4.880995472389015,4.089093204869966,0.6286071772679425,3.2569864888544444
19.076766753889096,11.197371076770365,9.380687657146828,1.7674817157303375,5.674687500928147
11.988041038025074,9.74449348570822,8.163527772707877,-0.1398532201809125,8.248062246439238
11.762988152131516,12.73835115741267,10.671656110659914,1.9110176533980268,2.1683067646754557
21.88115706944059,9.86419338450515,8.263807325426779,0.4586149014809385,9.109843732931308
10.855111265186224,8.524629050032074,7.1415765328423735,0.9773773556072396,8.31108869440695
19.954413983644503,1.4051215174213871,1.1771518497418594,0.2536292737921943,8.462125848909858
4.399783122841205,5.515737045891503,4.62085306200155,-0.1497276116639541,1.3911843184411183
18.41609717651428,3.9780355152258817,3.3326312400941114,1.3621196411174434,4.884536244321608
5.595157025436913,3.659844650686254,3.06606428476689,2.0590736195321955,5.660840723659609
5.341151974816643,14.595158321286684,12.227211242702449,0.2721242382316938,4.4831659716245555
4.735343166762044,5.896465870001406,4.939811695823831,0.3441021627057121,2.107708368347445
9.902148639271289,13.3806983276567,11.209787617618005,0.760741283646377,2.3047726170138736
19.444800473306803,9.467079389958943,7.931121883319029,-0.113921754133991,8.421973975512142
12.389583752582222,11.922169553124728,9.98789340878628,3.377100421151099,3.9903158501160574
6.135565640180599,7.539556396577882,6.316323996484002,2.0561529216556886,5.414763987407757
11.111409113641695,8.653558269395386,7.249588023078333,1.1512054773092997,9.117594367621358
19.910264305712772,7.387765407282958,6.18915987465732,1.7682084720253637,4.5268017635301625
19.482711549899623,2.9286448169706674,2.453495744525033,3.505553276289379,8.290720878493566
4.74743184860684,10.83678172892258,9.078601031503807,0.8347340558657819,6.48651946874788
20.62067209755068,4.211585436612837,3.528289564700973,0.4958142080414821,3.554331483758192
19.46913122707968,0.3647394964718076,0.3055634460239656,-0.1422742668493755,6.010964073725488
18.33903906648401,9.682084438607518,8.111244091670782,-0.0650742298139731,8.424641783452369
7.133033374656266,2.6566601911057344,2.2256384371899283,2.7936519605940604,8.188087316650902
4.319975278421509,14.106878765293716,11.818151118434288,0.1922760591294636,3.0802455756938443
5.357787360348283,14.30892865503881,11.987420038242774,-0.1575945158482605,2.9981395884678137
12.348074906036455,13.722965853306729,11.496524989389867,0.1468174316343498,2.1178803926651555
21.108703580582908,5.552380503831666,4.651551413539401,0.6921716927850354,2.7776102984829416
6.896792982653947,0.2318492479330114,0.19423357174577793,0.5196731192209423,6.739322599205632
21.27155509499416,13.92477843881588,11.665595105666538,0.2047145786279519,2.6748312519727557
3.2750821674869672,6.422762224759715,5.3807206989491085,0.638121334366988,2.472003799934397
19.024126747022667,14.499822285655044,12.147342712259052,0.0418059085689687,3.8359613929213094
4.536582307187538,14.454299656338792,12.109205763503846,0.1913183031959695,3.961838393572644
19.71821539113949,12.7951418320104,10.719232954955553,1.28734583042254,1.3213933772307076
10.814288316832032,4.416733381043786,3.700153904733857,0.3260556911338661,3.216428416939171
11.900880302029025,5.776465929028879,4.839280780359697,-0.3966804100998162,0.8938478502863665
6.852278184508938,12.767050072752854,10.695698857752907,1.785468634227528,2.0558050297788912
11.590914645378495,4.753830077344165,3.9825593726396336,0.3336615066945321,2.915089896534546
10.590180320508969,2.5423912002913873,2.1299086713031357,2.2882421430985755,7.925448775126312
20.5697672802322,8.352018936875252,6.996971022594701,1.439943659983908,8.278443505859578
14.050311401166788,14.042321612411715,11.764067844506085,-0.3214228442323616,2.070762269015471
10.704013845480276,10.440446950124596,8.74656838365477,-0.1754322996466976,6.66371197517787
3.769135683566045,8.550917551340474,7.163599936198202,0.7301569721089284,8.010736388256836
20.429618219132585,1.457647406561528,1.2211558357274428,0.5921002832676266,9.011784895680275
11.971475688145969,9.225108400487546,7.728408741210976,0.6085296840462232,9.514405122782001
3.4806300340459866,14.850807751563949,12.441383608583376,-0.1367790120816757,4.534241426690367
11.595889748333164,2.1012602285478605,1.7603476526096982,1.6612071239065975,9.176651470053832
19.24461706764668,7.774944785456051,6.513522512014667,1.8428314755979007,5.979816189792898
20.471415556386404,13.160596078919331,11.025395188905495,0.7282823170639531,1.6152424854780578
4.754611883997129,11.111529266313068,9.308772990185897,1.6274807766592778,6.0469373386011664
12.07109800697462,10.45523611492902,8.75895812538872,0.4719283619107462,7.688125675477425
4.7009926495341325,10.53726125980664,8.827675350070631,-0.1196164379102296,6.379674679904455
20.60600995134564,5.3923672682963275,4.517499038810081,0.4763096497468241,2.504528712496276
12.619397181413436,4.403877663967401,3.6893839243808437,0.8321704785461673,4.067235318165177
6.54993440501754,12.140417332177703,10.170732240608979,2.7537594368604097,2.5118632149845865
20.59065483069231,12.15170092018771,10.180185157195211,3.0504899031526005,2.998353701800542
15.66862796942524,13.006084778701556,10.89595210472929,1.2384576156573863,1.9643687475040212
19.55381656678522,13.698608288347067,11.476119243486774,0.2457212424441034,2.2267358866587883
3.040329876120224,7.670135982914067,6.425718094922016,1.7778458302882134,5.422024772679996
12.86560819077081,7.522744420307994,6.30223962817952,1.7974786496991713,4.930874404105167
19.640707909212946,11.974427684501627,10.03167307855268,2.9903725941043637,3.191103691342855
19.98357710392725,9.749458961666477,8.167687640119087,0.3834519566567356,9.11555220151593
18.8772779784377,10.52950315886555,8.821175938624675,0.5084461357222386,7.458440961277647
12.02089393786942,11.936890041541515,10.000225616324263,2.8768908687307584,3.1099564154914052
20.289168643907814,13.350080127263494,11.184136974038957,0.7162683016868975,2.1478880098989914
5.570890510693167,5.069927352773037,4.247372406854859,-0.8077751746903205,0.647379222311462
5.81351721736967,5.63374428959916,4.719714579308845,0.4089801463029241,2.2744767624653677
3.922255222070694,1.409729097613035,1.1810118870967679,-0.2826887764687386,7.56761158225285
19.435921369263273,8.67420211494261,7.266882570681799,0.3951010009419941,7.932708549362269
11.154413170794038,0.5391341069511313,0.45166393325263143,-0.3288687190027097,6.167786305736354
3.679543386915724,6.983970271986903,5.850877253163617,1.1440348131702671,3.0862725492402188
18.748460575809556,8.13966952061365,6.819073591628959,1.6766422394871303,7.5675308986908805
5.324166352488442,4.298118781924266,3.600783570546556,0.4160309933650411,3.4148689663501566
9.331919626643582,8.862498908535162,7.424629723600432,0.416577472282895,8.55557699028784
5.257550390722764,0.4575037490857414,0.3832774445646809,-0.0094018691632065,6.485407125942089
9.698828743896566,0.5602228312382163,0.4693311815976679,0.1509101518144968,7.021535017598254
5.899599875433251,12.339008409894872,10.337103512828909,2.697341012479367,2.4701597913228053
19.362260015748685,5.402859621168943,4.526289091797676,-0.3509693872089163,1.1189372139278
20.70030987940899,1.905907689778272,1.596689492434057,1.205143076167128,9.196960177228904
19.96236529757515,7.833648900822066,6.5627023566998295,1.6411750974994816,5.918741868008727
19.917848821607432,11.549903296479162,9.676024358904392,1.9828717787385608,3.5515690897518457
20.19584525509768,3.237315412452648,2.712087017897133,2.7072792685691747,6.443417289009256
12.107349355829088,9.343357137285004,7.827472571296087,0.5196925430022898,9.449150189125195
21.846636996047664,1.28021197490652,1.0725078761077342,0.4108857780488041,8.699517298966267
3.8570297021693767,0.7752258175291155,0.6494516621926961,-0.0833373403794307,7.142298204555886
5.651391251305798,7.97031947352222,6.677199227941619,1.4983350080043327,6.369013637269071
14.16235293098685,8.109526824151597,6.79382130529174,1.282876641556817,6.749745216294919
4.377300480179406,9.561448522473098,8.010180382900925,0.6594098019768133,9.695764144621425
4.5250546888390435,10.891370005839924,9.124332799433313,0.9923028461306196,6.426776822933976
6.083051243175277,14.63778119193802,12.262918895319286,0.1318657990990523,4.36916484880828
20.889630795623436,7.74450522451793,6.488021525075546,2.193023282713334,6.4270655427909995
12.193831772962842,4.84434709411869,4.058390731285956,0.1733253737987435,2.541592433839024
14.74718814878153,11.927792921530555,9.992604430885526,2.906686481590249,3.1881758520842136
20.51765902046912,4.062483768931113,3.4033784436804693,0.9113035726622044,4.196004388004708
11.916622993634318,6.584571310584542,5.516277561698804,0.8436687449104534,2.735507540324381
10.53185442632654,1.1768457201339897,0.9859119650084082,0.0968705752000307,8.099604656564491
4.399361310081195,0.3802611512318626,0.3185668371081645,0.2214260795600218,6.660035173501004
6.057122226218915,14.439726220168875,12.09699675016812,0.0233836082194669,3.6428251045754876
20.709003757588512,12.539701807683088,10.505236020593022,2.461715623406593,2.478712400320922
22.16325472330546,10.43961309140547,8.7458698118078,0.23898221638208,7.3574445052545645
20.184836123694875,6.134294166214048,5.139054263343141,0.3334982028385072,2.0530896577165314
5.751933032686774,2.5994148010626867,2.1776806513736293,1.9557737499246477,7.0759008276376925
3.987168879665576,2.3465556400662906,1.9658458560191876,2.232309450094531,8.88858510128093
5.856398794323472,3.75364347246893,3.1446450019476457,1.8039575901708,5.362561035285462
4.838714288333991,8.238399970591807,6.9017858199854905,1.4588168144110647,7.7286395829493895
5.060230209941026,10.718938840500934,8.979877204158942,-0.287523304730758,5.258161361040786
3.993982618500298,9.90296065076597,8.29628491446271,0.669647133351323,9.407376073845109
11.184862843299353,4.199008454189142,3.517753096544545,0.6706362035660791,3.8444728945770805
18.99585923324793,14.322979209947912,11.999191003597787,0.3460557340150982,3.873697448323603
12.981548484531087,11.068453750436529,9.272686130391943,0.9476840818808488,5.210318545302841
5.045571839903814,8.31531078767101,6.966218475430187,1.2126590515217974,7.715407181348551
5.064280019095463,9.175811193515283,7.687109609673229,-0.1943842286382849,8.12467421797542
5.216458589581975,6.2940009364168485,5.272849894275853,0.2799926324799439,1.9235798549021783
13.679362367151866,3.715964842517362,3.113079426733466,2.3710094075422927,6.256798449014093
14.814256258823828,5.339590179768924,4.473284608517934,-0.0258235671644395,1.7042321252046433
4.973486124550783,11.367691656965537,9.523375092745843,2.0765650312834376,4.9641853289001165
4.6149177195836835,0.215902329446338,0.180873912555077,0.2623109972928029,6.2646464094196945
3.9422890710441,1.7410896076037434,1.4586118187971884,0.7636368732302278,8.925839646330905
20.3686733088729,0.6900396303262912,0.5780862488850381,0.0595721496927619,7.187686987676649
20.681500697372623,0.610932034784552,0.51181322461915,0.1194497425904268,7.096636739898341
13.076313383693943,12.831908760165108,10.750034744658457,2.2226380355749877,3.0066856928210557
10.753574825383444,10.554867890700356,8.842425446676009,0.3545444609718267,7.096156331861089
12.146514147823249,7.112607436309878,5.958644071941132,1.7816201463776218,4.184490511068842
13.308480955081016,1.467512409765022,1.2294203214852395,0.6017280697097369,9.023359324072167
10.652377992977463,7.374238126752485,6.177827286620631,2.3002745324067124,5.384691728372937
4.927171087343127,7.102076561708485,5.949821747065503,2.063223055755078,4.648233743994304
21.18901653110755,2.5980280486502276,2.1765188883892748,2.744010761145434,8.396683321646087
12.498471017969388,6.507774738569595,5.451940615975327,0.404355909925926,2.0427997044582353
11.368523278769606,5.977571015960602,5.00775818401416,0.6874348258676741,2.6682841939862874
11.51792123752051,9.237751470783246,7.739000575013588,-0.2448227653922613,8.103716654942016
5.625667347765006,9.526404763014655,7.980822191629243,0.1303314185173571,8.823200537618632
10.06505865038842,0.6795601465806678,0.569306977112061,-0.2125205446722157,6.709531693908592
11.595187597059944,5.619189219397068,4.707520952210345,0.042079616958395,1.6679722975936426
5.954001763493203,9.387898735713543,7.8647876535366885,0.1585352738754579,8.864176859537343
5.241962271566035,7.547043878701316,6.322596694839432,2.0919858163907024,5.498582757955451
19.69045356068601,12.847347617824834,10.762968771806088,1.5897593778254493,2.005218556242214
21.440117215449472,9.880404474284177,8.277388296241837,0.5246061604157978,9.197786533270033
4.677938483794325,2.4440164062214453,2.0474943965435255,2.338343252033413,8.536569116318038
19.96531511261322,1.0585312110064478,0.8867930336248968,-0.0040424477078595,7.790594063780218
9.361890770365328,9.636289173094736,8.072878739749674,0.3213096379953867,9.098524973947804
20.447708560017315,0.3976696581243272,0.33315095373838693,0.3602769280010982,6.939313471178616
21.04416087706907,8.78663371910195,7.361073051124013,0.0138372031056498,7.6695570512628475
4.514636452170897,14.103453621374364,11.815281676574417,0.2151600047468084,3.110177117083615
19.95228864385802,8.632112668138184,7.231621798181949,0.7655290742832103,8.394354025835524
3.929107501938888,5.822548893097829,4.877887154059605,0.0317195595011458,1.5990408246627599
19.62855913400421,9.649323276635297,8.083798164797452,0.4443751713005983,9.295832125788568
19.82305277250595,6.873793357372749,5.758575657017746,1.3062103612728473,3.3719090504572313
20.382409746184052,8.184251839739025,6.856422787960764,1.289930205484382,7.161030216379887
13.136261565070958,14.121972131647878,11.830795707462604,-0.0186866036959931,2.764916738422755
11.626553777281387,5.791539567011614,4.851908841786212,0.1139048255336877,1.7417994364169727
5.293072473298682,14.417858457358712,12.07867685603616,-0.3202085433955867,3.011798276976338
18.29741639576216,13.580259629340956,11.376971702767891,-0.1850748500704022,1.231465661824181
11.02403614631726,2.9368670218394466,2.4603839627682507,3.4664179999354148,8.201315964811812
4.8143410233361825,1.0404195131274818,0.8716198130914043,-0.1896047428998742,7.455322838998843
4.553485047932979,1.5116700206613998,1.2664137150831425,0.0300015387668153,8.043416414172254
8.292533249809066,0.2733273847732459,0.22898221440761068,-0.6442458930007842,4.91775742019158
3.893665025993972,1.4166444113389258,1.1868052467763752,0.0528450572846359,8.12563817123617
9.608358511808447,10.245101601245352,8.58291624686758,-0.2579359386341978,7.149050690954485
19.36261287269348,1.067829726903435,0.8945829400865669,0.5643472118904064,8.750826050818594
12.297127141151783,4.78463445440642,4.008365987220217,0.4283454775460866,3.037053418906007
15.28470439982651,12.673129664541818,10.61701628056412,1.700511830706014,1.6037299562930176
21.752270443423622,0.349079036037388,0.29244376936993727,0.6783924964190979,7.3352437385033635
19.90394010027535,12.217027238834037,10.234912805927308,3.1565032737180676,3.1555522419107676
20.87736229057567,4.227821621600999,3.541891559229276,0.5669536673427199,3.673656584927541
11.03014067363621,1.7724724143248438,1.4849030174755982,-0.0849835867460243,7.4373941722764405
6.16316375215496,10.45105748046226,8.755457440763971,0.9599784690597122,8.517057670338646
5.1968612358691235,9.43414270169826,7.9035289078861375,-0.3652581633479849,8.000918513822858
4.65728548347323,13.162080202905797,11.026638525708933,0.2837665004158556,0.8789892177861051
12.225590679714312,11.026065657058286,9.237175164323475,1.4686879149287804,6.364050232901833
5.774634053429336,12.052213955772729,10.09683915278613,3.7237579712901825,4.240775245149864
5.296120277064576,4.2305185885695975,3.544150964993415,1.0752955573768177,4.520929417484713
5.917861947054776,2.6615931566958424,2.2297710687788066,2.8445572060181252,8.249126027061028
3.012431085399107,11.259221274612877,9.43250315772419,1.9114366990250231,5.4703392504238595
11.23497540171788,12.10252108900896,10.13898435817229,3.224658077020408,3.334144897174982
21.84670732573603,14.8575771300101,12.44705470980892,0.2285312496559731,5.162848782784141
20.74625356602722,6.189265153671397,5.185106650104897,0.443312177553218,2.2244260052395384
18.159125768668353,5.5802712868917475,4.67491714131658,0.0852886019328716,1.7545575072290918
5.624119817052155,11.646194411129953,9.75669301447583,2.62824058156478,4.0282138936152885
12.815040288569902,5.112053103795268,4.282663593505097,-0.1848523057177486,1.6412370279957842
5.005113456642461,13.96135988405347,11.696241505564167,-0.0201671923825684,2.3842198195495548
10.019650189469036,12.876191277645177,10.787132779751216,0.8843350973195094,0.929280458079214
6.477894044741516,6.4349104106252755,5.390897939341025,0.6137405374766107,2.4260472506950066
5.931280119116199,11.26306601687246,9.435724121467567,1.4463070048448534,4.667393649048205
14.018130069232466,11.318143111270237,9.481865400171866,1.5534635961569057,4.448507812972039
21.81244855799693,1.5468580325389891,1.2958927549788932,0.4170928322725689,8.658526898337668
20.712998430172387,13.5382936001935,11.341814324402563,0.6990691370597091,2.6037074082535994
20.191099068019906,7.578785586717857,6.349188565964008,2.26311910588024,5.890002014435288
13.067422317133335,12.396861991616124,10.385570816114067,2.0916816940027543,1.5459885961295448
10.057381841904576,4.800744015459176,4.021861901528457,-0.1783409466013279,2.006999522643032
12.148998458143838,13.432848427443009,11.253476783050708,0.66725816000403,2.286140815641478
4.765846625276664,5.838025181012447,4.890852538704246,-0.1674827291260816,1.2643447035039546
11.134662195715276,0.1625647722044754,0.1361899450906875,-0.0664336330420868,5.56287609265623
19.96501150950304,13.580729646288956,11.377365463245464,0.4115894328730414,2.227030380812915
19.460240319690637,1.3693001517920034,1.1471422126477724,-0.0804869470022549,7.906402727834695
14.947087699374585,4.789704563856223,4.012613512180324,0.1548185023852277,2.5752338993207182
18.719695601329107,14.250929505762072,11.938830784567507,-0.381297779992738,2.477944431016677
13.637260277883692,14.25910720406334,11.945681717075917,-0.1621851486549889,2.863731223554965
10.922333668121349,8.601568321849292,7.206033026472645,0.6903024054108958,8.150523558276669
11.351162718270569,9.47755818254699,7.939900576069188,-0.4326725760017145,7.89059246537989
14.442923318356938,6.726682829674797,5.635332629529318,1.2319445397829685,3.308072897562575
10.377677994578407,4.398161575470968,3.6845952252801344,0.4189959286493584,3.3816995935009695
20.65854427267283,4.929968180548739,4.130120484918229,0.240809402498605,2.552984395996047
20.02831837613046,10.087776841155575,8.451116164060695,0.1471051328939195,8.206282733208111
11.596666964167754,11.2856179415652,9.454617177717973,2.210114551334484,5.777648453098359
4.398293387770603,11.873685655887728,9.947275634019038,2.9900812552885108,3.5159508506438253
14.253535578144042,11.844272141918308,9.922634226178348,2.799299943344305,3.3138962592906194
5.968644990532889,1.3680915457303555,1.1461296932012772,0.2458791326404866,8.450265228305275
3.5364850518678814,7.416304570538722,6.213068788157028,2.1490285258923003,5.22644223266328
4.433702270397228,0.8633814002496643,0.7233047104721104,0.0458833168260756,7.5409595200544635
11.472729773938037,8.242933234856032,6.90558359857463,1.1638316788297465,7.2607447643852865
20.207687687163112,6.6229575206006555,5.548435917801677,0.7161724733177125,2.5025998723944323
4.922898290585896,13.315562741374496,11.155219756457623,0.3326079567345544,1.4130565751556454
6.003532897892024,5.26372518828118,4.409728101871922,-0.3894697122482337,1.1577836877717567
5.091760776535502,1.7560052464140878,1.471107515146569,1.163196147987569,9.557411515931891
11.916678451655072,2.144875230792538,1.7968864714465465,1.0707787615259658,7.988994466182966
11.831507925463756,11.422659475762083,9.569424824936533,1.9417469759865535,4.349046933595508
12.73787875725976,9.273270949743916,7.768757304123501,-0.1275737840772544,8.328093482429272
11.783459382114088,1.5168401418418536,1.2707450256747912,0.6009655237409728,8.991086834200257
13.08864993584804,1.2616020917249615,1.056917296831108,0.0576222499478415,8.10048018354183
19.483955271782627,10.5145369718868,8.808637895140757,0.7047714395352875,7.846483664968181
19.32360769794073,1.091445095462903,0.914366904987431,-0.1234932298782034,7.635871992311984
13.306687055147538,12.327900889355345,10.32779809818182,2.7778766445073906,2.591294694654693
12.512633963665738,10.593633407347443,8.87490156995897,0.1646275504220464,6.611362931123941
11.20424827858421,1.2202317096284965,1.0222589265723194,0.7698614578809663,9.259082886420018
12.027627568784329,1.2725657112778788,1.066102157269561,-0.204513755658077,7.669829178425937
5.186454314769428,14.799593677517633,12.398478606240891,0.094129910324858,4.7700450600205295
11.905981354090242,5.6140619363418045,4.703225529602534,0.2504269878291806,2.0170353848907308
10.804657116794283,5.559632206003363,4.657626585344369,0.1747566809795548,1.9121463471452254
4.925554084233833,12.191993508862538,10.213940597348532,2.8358425225695783,2.623183398629347
21.44376460407326,14.20872866075788,11.903476687330052,-0.0161205515390219,2.9811880356322615
18.65554948896572,14.790015957343064,12.390454794150608,0.0143922358932264,4.609371096779331
4.607891846867842,11.300672778884124,9.467229488737205,1.7955107113337374,4.977963274182894
4.179317681648289,5.643893782963737,4.728217398986661,0.3557276039146459,2.182377992205634
5.2809918677350325,1.2525107504800317,1.0493009526000814,0.8047063171375358,9.340024658566012
4.797807347566106,11.657203738911551,9.7659161673504,2.500149317637397,3.7502943684032273
7.122156197012633,8.376063746037076,7.017114754813301,0.517420572024418,6.859372620175456
5.113517345251248,6.363330138704645,5.330930990965608,0.5229835501666859,2.3043224053035325
18.55198609958376,13.59531577642104,11.389585111050067,1.0093243235434688,3.2580360229614946
4.455617275474817,1.6679622345922702,1.3973487740427442,0.2676914971569358,8.245647476506349
3.7522168180351505,7.389376564362888,6.190509634456275,2.46740911571324,5.695657665248527
4.5157659271337485,0.170304671511286,0.14267410797116778,0.5043094364649238,6.536517356717281
20.610585745283824,7.029909629911894,5.889363319661693,1.437381275801905,3.580183707101127
20.833922154548905,0.8445491352275603,0.7075278290204042,0.1994956077654357,7.759340972487739
12.116052461471428,1.7822687440210787,1.4931099714504876,1.1694753019941613,9.503642075061636
11.09402221992627,1.762893701656573,1.4768783739157352,0.5355881143192656,8.495011454114918
9.827873487754012,9.738154531740951,8.158217263050542,-0.0297225196199846,8.437476552388498
20.938283805976,11.19067318898135,9.375076447794152,1.3838089356953032,5.08304322871802
20.166452208213055,8.750531476457395,7.330828107051945,0.1143168619697314,7.724489432604738
11.324901792781134,14.43258822711813,12.09101683909356,-0.1867073815538311,3.2735756283412125
11.963812369334995,5.623058692855561,4.710762634714468,-0.30507206469678,1.08803449536827
11.387886940467672,4.285681294227911,3.5903639652196273,0.5847276272285183,3.698535804004104
21.420504247989857,13.028986922841904,10.915138560138029,0.8096087917926091,1.3263296171809211
12.111142170629662,3.3539375777917897,2.8097881746638484,2.716907035832576,6.4570166027082685
19.31894834252512,14.44833809160917,12.104211414714918,-0.4592903739433793,2.8614657830223806
11.139506989679646,0.1823171203472451,0.15273763357508038,0.1003333980317256,5.897945733112328
12.506403993112803,14.548182400614586,12.187856787428027,0.2545996283998892,4.32337481707823
5.473592430635182,0.6473986792586417,0.5423634492540489,-0.5862789052246422,6.009698145358675
12.052895327957591,13.367146705471066,11.198434637163976,0.5750088526111745,1.9587982152475822
13.253538168097712,7.915516636294498,6.631287710386823,2.0511581397124536,7.007735738030355
20.177701000933254,14.894471941789504,12.477963635046722,-0.3622026757432586,4.286157971839634
5.4738329209117875,1.106948471030983,0.9273549825315707,0.5850946206309335,8.83641169393117
7.954670035587642,8.307814266019811,6.959938204137686,1.167127354310094,7.60143649656096
13.58763673027438,14.539538034286483,12.180614900027681,-0.2067584489768359,3.5305860870808607
5.357112571511746,7.846467662552232,6.573441377414392,1.7570395763433282,6.173807038285112
5.412780926936498,9.440979572028938,7.909256550980645,0.2180185680572581,8.973818013682788
5.17136828118997,10.436230334769258,8.743035880235212,0.2832427244061081,7.443516017908009
21.800940432910817,6.818115971516598,5.711931479317275,1.417941337238562,3.576972715079636
4.338213535231612,9.41337120126095,7.886127416372035,-0.2210605142730427,8.237854994357553
10.183475700356317,8.764714678846504,7.342710198899947,0.4548873046525018,8.337111320546699
5.865755194170122,13.517370157364835,11.324285541928338,-0.1240624750273517,1.1805356676525203
3.5846292579495858,0.6816957051218681,0.5710960584518866,-0.0194685978410574,7.036327709129526
5.021003841632759,4.2144478438834545,3.530687569408428,0.4152848160916413,3.420317192917015
12.129884681209347,14.25617226114838,11.943222945049158,-0.2021907096141657,2.78965568516975
20.615935606944262,13.353956758363744,11.187384652915016,0.85053167295009,2.382234058913535
20.984322398476586,6.834851291785694,5.725951628440705,1.612350138957334,3.8947137001122236
20.37721187506452,9.301988967023052,7.792816054019447,0.2625791528789628,8.998023952097672
10.7158742611367,4.16071774471699,3.4856747467902904,0.4521851251418693,3.4731791139806525
4.9404746439382,2.82181739585642,2.3640002134918423,2.811326471475273,7.497276130109471
18.7204230332643,6.955476074099733,5.827006009763012,1.8507516699076805,4.264724212906602
11.668545600700169,5.300283420390793,4.4403550547849315,0.0734544872787149,1.899566087081456
5.3853173797288365,8.754841677763082,7.334439012853929,1.110048243817268,9.39782699981555
10.83931620134464,1.166019554474773,0.9768422576746637,0.2218386789182493,8.297228966764402
11.950870094676002,14.615922114992497,12.244606277840273,0.0608152733799436,4.189181615249008
3.4851527753141354,14.793161167194045,12.393089718993764,-0.0915078826996539,4.441989151705939
7.720169166589619,10.472425710296177,8.773358847128357,0.3312255824068386,7.388874805107047
4.181779316766527,8.041445495161806,6.7367856244914845,1.4460602821281638,6.65748119345789
21.04900922583689,4.642914244294916,3.8896387416331506,0.4147871615162423,3.1733270238776314
20.6748194921666,12.206925295604233,10.226449821757244,3.161267708854168,3.16353156237921
11.839454460068165,10.270967588308189,8.604585685516769,-0.0839415320353922,7.366474736376703
6.765454240281096,2.4392540901733692,2.04350472798067,1.791231941726665,7.65056799995194
14.467451570251926,13.663907767407636,11.447048603044358,-0.3626101732190719,1.132580347001467
4.292330534381219,12.338058643847535,10.336307838685723,2.828412115507195,2.6874494633285626
19.141642219818788,14.24699869937886,11.935537719912524,-0.3117628046209865,2.58395525392255
19.22169527459769,10.8857926258254,9.119660304478671,0.2210415800838416,5.174973600810788
20.49245126400815,9.201227939036848,7.7084026926088836,0.2284519009545009,8.857266608181629
11.671349206786704,6.273645544359283,5.25579700090279,1.1924695460922186,3.4506694464914958
20.02609105021083,13.990927250310198,11.72101180439567,0.0551516570436795,2.5782322832652422
11.80812361277885,12.990958342506126,10.88327981117554,1.37523266945096,2.1412897940225735
19.943054376278933,0.6782800515928411,0.5682345672428202,0.038229479769802,7.1244217907617475
9.925800403553495,0.3955046174587801,0.3313371735118253,-0.0262696286681729,6.289132337187737
20.785800158650833,5.646950503170744,4.730778190919039,0.3429699785809309,2.1601300101795435
20.743264094022717,12.158299961727494,10.185713557307775,2.838675106104634,2.6412651864679426
10.810690751606485,14.809141939724167,12.406477739681584,0.0813396676563278,4.776452586728511
12.934274898521249,2.2562533665529227,1.8901944002666402,1.8218995523901005,8.68383497533382
14.389779939959096,8.911960730282027,7.466066762489265,0.0721888777543361,8.105904039393776
11.26859066389126,5.713362849465323,4.786415668046161,0.3816901202447545,2.20560670956467
3.047912200477498,14.548715967219048,12.188303787141303,-0.0479593195584506,3.8205843428117343
5.096995964992718,12.63178384703563,10.58237848948836,1.785944963791067,1.616679486696512
12.159645341537844,12.574930570667068,10.534749200055831,2.316548686085411,2.333354283940391
4.346670767426288,7.030397396924554,5.8897719503986625,1.3346524679094145,3.409064673242916
17.958265131575708,6.222292535064978,5.212775604439131,0.3994137037071547,2.143200592675473
4.197722730778381,4.101106078960593,3.4357345944680113,0.8897000420229677,4.180724875321366
9.888804338435166,0.8456324497639067,0.7084353844841145,0.3547041353496082,8.020210284053087
20.018433933065392,12.9708356438258,10.866421858550337,1.3113413879488984,1.9664991755518484
21.188393273448085,12.193515136951165,10.215215353515124,2.8822251155631635,2.7001728061009302
21.329152530132433,14.995765099291958,12.562822792238356,0.2457096402063005,5.596465798226941
13.856724467960191,14.94955255610858,12.524107862593395,0.4175620919685205,5.74722817359565
18.592488305282178,8.331475584039412,6.9797606635682525,1.169144527539822,7.7244862626232615
6.030999522495951,11.534811227707657,9.663380856936383,2.419343737793202,4.377967637858939
13.004508823245056,14.17148594823642,11.872276305448139,-0.3666807105902544,2.3051684322732573
19.959842049355657,12.744710860161172,10.676984002775571,1.403381589654321,1.3435704344803518
19.388482197008052,3.710221526147965,3.108267917263242,1.7200106298682998,5.164002637938111
21.066674689589153,6.758162029651403,5.661704582432622,0.9706748524594824,2.8574051130852496
21.029155637325644,1.9373912272724247,1.6230650791275634,0.913844680718108,8.601734397577172
12.86483544458365,14.310765408880837,11.98895879354319,0.0313878164913727,3.3178248027859563
10.521410930496684,9.0926195167632,7.617415113533452,0.3178435098814945,8.867365759388857
11.95095787785886,3.4296420825519407,2.8732102322633537,2.4731800289557273,6.092853007034305
20.425457561784963,10.075510266087852,8.440839742162703,0.2224818008290753,8.357646925626643
5.301547342333612,9.271923606868436,7.767628556795643,0.1076903756735235,8.719195820012263
11.587422454272534,5.372440770492608,4.500805455046897,-0.5602210458768403,0.7903181619831732
11.76009220505486,1.7033638829944353,1.4270067896548004,0.276614345096948,8.194212595786473
5.515047686306048,10.073597933891994,8.439237670488641,0.0327888722688058,8.04545358588778
19.900824136220617,7.804615513556899,6.538379403062209,1.4598602736622444,5.47866891028068
19.376859473575237,11.58477587603459,9.705239142835874,2.7048781202798136,4.531168422574111
12.365530817237868,7.802452516679901,6.536567335035938,2.2843889695206863,6.842753410295292
5.443819428146228,12.782722504778102,10.708828563703415,1.991359894308056,2.4522881402062895
4.690787624148785,8.278602581617283,6.935465880639561,1.0267851247014976,7.217779817373772
21.19504662892484,8.414069573030794,7.04895444198052,1.314520738593725,8.371183787225856
4.927989878419666,13.149804039875177,11.016354071417929,0.8443654795071107,1.7750893503904732
5.679597748934675,6.052242993185955,5.07031523336888,0.1450384609632496,1.753268329980701
5.521941565616897,2.010228426759611,1.684085028678763,0.9423091579899628,8.370862602170163
21.665474444462575,0.4317401447000846,0.36169377782655465,-0.0866432754321451,6.287271406464996
11.653598204686984,11.327058835104284,9.489334619504795,1.7909886809967603,4.780120194724433
19.37303294221223,9.30464327030197,7.7950397179345,0.1302514821108947,8.779130109584308
21.05364179660784,10.561196521488354,8.847727308006904,0.4268410266441556,7.189727873631444
13.55630991638685,3.194462422633661,2.6761865810972165,2.889585170732029,6.77227303293066
12.968063924377722,2.0455721338015467,1.7136945034503828,1.337528523906178,8.882795046334772
4.354880245394876,0.2181699850182289,0.1827736592445502,0.3585009541931585,6.431475186888271
18.474474829075263,5.258813382098955,4.405613196747138,0.3162861671996582,2.338184391495115
19.779035826170336,8.848765302819496,7.413124284980798,-0.1210020799389134,7.622902547688751
20.18660912315636,5.8836606764959845,4.92908404199865,-0.6187481290298869,0.5048926942371541
11.233176485353225,6.562123830355936,5.497472004638059,1.1101932288909246,3.191506414782516
20.507274031107297,13.562380417406226,11.361993249203593,-0.1488509144903506,1.2489035182902373
20.70835644729935,5.2238320053495055,4.376307267091532,-0.0348366033005518,1.7834278678829045
20.380197851005963,7.709842337397162,6.4589824126673285,1.562809336728459,5.22706903291271
21.031844539468636,11.754795191117148,9.847674191164334,2.2843452321498146,2.862598388262438
20.18676676447708,5.948141734819052,4.983103567098235,0.3428855070803759,2.0982011975926826
13.30440888015849,9.331300503418102,7.817372029327213,0.300080357610269,9.07723238158406
4.439818959803031,12.935455631201178,10.83678196848489,1.077536349849531,1.4557784082933152
4.61468640313824,14.242809354864631,11.93202806285939,-0.7577000572724214,1.830210528366485
21.149273326285677,2.2061022139355693,1.8481798688981765,1.4334648256961893,8.293091048621317
18.748886423614696,13.898814377422417,11.643843504458255,0.1990630879199842,2.605946820508491
13.43890623912781,7.381744396193072,6.184115724202075,1.528552423779487,4.114367598967317
12.38163126495182,3.8736658244843754,3.24519469244319,1.4534001050689405,4.9297211427173915
19.510560557481774,6.88703634357392,5.769670075194063,1.368990981027266,3.472997642084562
4.869856945632315,14.700488629282155,12.315452555182162,0.1758290395020828,4.62061894146561
6.032465260551147,7.389271409893044,6.190421540453621,2.011502199054167,4.935582442119149
12.57609817340896,4.931274154312623,4.131214574940202,-0.2172039850512865,1.7881008812982544
12.07278244191724,9.501012814750888,7.959549882795698,0.4012753469712142,9.278800710563138
5.087047068238172,3.602184281672896,3.0177588469813856,2.039981716738019,5.553046654256047
11.00606436158123,1.137949921629959,0.9533266970522025,0.0854186248458564,8.0400590229987
5.65655360863383,1.9331958286597384,1.6195503502047643,0.6813291220714295,8.229207173446293
20.9240270192069,1.9206875843665867,1.6090714679699185,0.8028625824984159,8.475795461118366
13.76894577609574,2.278540402684415,1.9088655439949034,1.5172222292624742,8.059487439529676
8.941151733359849,2.082407589741152,1.7445537028561149,1.2406913171067615,8.560824423372013
6.088950596967367,9.61312117204822,8.05346956058005,0.5465816059128711,9.486442879238618
19.752822617479403,2.728201265987172,2.2855725479305797,2.374794261372343,7.157389203221362
9.59033051961364,5.1850092498579485,4.343783191506361,-0.4493260605616861,1.1283121746036593
12.434662285344618,13.451826148590175,11.269375521540795,0.8058663530640977,2.5659600683003454
12.507744611241622,7.1094246039430855,5.955977628532833,1.6542364467913202,3.970437761372657
18.664655641289897,10.013366077815409,8.3887779487387,-0.1391569407220725,7.876767235493867
9.444926340967267,2.5847980680244476,2.1654353657383187,2.8369173254643782,8.619180027205838
5.78182287177731,2.8843352821300616,2.4163750754212385,2.7784476345355893,7.218736224477923
5.560784526368234,0.613029243997183,0.5135701785006013,0.5578646346016317,7.832519796393338
5.82206015999449,2.534025946082468,2.122900612324962,2.6178493753266574,8.518942568378524
5.975545127122359,4.17885508547938,3.500869449855564,0.6011096227478409,3.7254537559634624
12.957888688166062,2.6551572641512022,2.2243793480487977,3.310838238323338,9.057340147398037
3.236959844637266,1.3305380063558343,1.114668913623866,0.0030836862368409,8.039320044836087
13.715631064810394,1.809538066509012,1.5159550656362109,0.9498041851438992,9.065785768129611
17.92660976759185,6.911681520490887,5.790316770327067,1.5046455681848303,3.6936039555813567
18.889424154534172,3.0950057760868876,2.5928659757260113,3.363565940633546,7.676475079721502
5.343618289568461,5.464047915721132,4.577550077571234,0.5070599389154007,2.5125250967296
20.60789650971654,7.551259062822853,6.326127999231366,2.0043531699925303,5.366255307077007
15.406039286706594,10.35592242944048,8.675757286793592,-0.0244371205214481,7.206517614426321
12.275013008607528,0.589682097616484,0.4940109188867641,0.1469872393572378,7.089549776655014
19.23220243489587,11.99115598363564,10.045687345663737,2.7964507518507005,2.824929643773904
9.495892078317942,9.418505842363617,7.890429003243222,0.6582562723114405,9.704369162328792
5.110922589709866,1.2263854792330786,1.0274142965407567,0.1700698692341525,8.264145011239258
20.34758170536167,13.103679361601658,10.977712751307722,0.777771229823383,1.5178975198362772
5.19905969557347,13.813086007977198,11.572023873617367,0.1674699474049774,2.357929353080948
3.831321962380468,0.9161693978229564,0.767528279905169,-0.3651201010294639,6.956692094263916
20.32613302224212,4.153164722208055,3.479347141449899,0.5021424147779192,3.5544004793990798
12.591678213567445,12.09301919689592,10.131024071650284,3.3342784380683868,3.528768628869579
14.299108369503866,11.223895355754877,9.402908585146697,1.4455229671042304,4.948089573989493
10.848978655667926,2.76781529034566,2.31875951537158,2.5284795840345367,7.242309527906066
4.184189715034561,3.1402398500506545,2.6307611849144132,3.102570604299177,7.1794859584612825
10.861301007669454,5.55708154187073,4.655489745957473,0.4059277911889649,2.298516213973638
13.432713480751858,7.26784477786532,6.088695403086035,2.1107472303836388,4.883045370519895
19.444522880839745,9.27382157295444,7.769218593145655,0.3865998749472626,9.185458016249068
3.7791563500289778,5.533704593546586,4.635905519525879,-0.1802802526146693,1.3318344760087335
20.334456789987023,6.938020741997218,5.8123826649365515,1.0318377364685776,2.9014885423626975
21.07363174985977,11.212064072006347,9.392996832051521,2.0628755507323056,6.061882052310009
4.2074792615673,0.5502480433589685,0.4609747228449849,-0.0893772419691649,6.595534626283536
21.56552402923434,3.7865541651603114,3.172216199383324,1.5407373995874474,4.967417833348143
12.949172799159427,10.700243788268288,8.964215273824925,0.9524390800001784,7.419679888875053
20.15030176146188,13.42810256530799,11.249500898885824,0.5571592284350422,2.090347770277396
20.621809962217196,7.675161631734992,6.429928372632773,2.0763349670431457,5.939703326167763
12.372330879450503,7.981702278979735,6.686735264742305,2.235334429034998,7.6569008043751925
5.174577812831839,1.6075801700966408,1.3467632139819299,0.2385597888881592,8.29077368003732
12.466361348397006,6.711185502351819,5.622349618951147,1.3518492975603658,3.515701176497428
1.7587326599309274,7.989258996825347,6.693065965880712,1.5913445596950349,6.6232561240941825
19.718899707114044,3.637057554520945,3.046974211724336,2.079824047829043,5.664966773749475
11.67982927243223,4.0386484642407146,3.383410225517421,1.4785724625002044,5.12609723010624
20.982690983945513,5.65926244656934,4.741092620501023,0.2224282182056137,1.9553596023273543
5.513267433113356,0.3010679666658955,0.2522221099490118,0.1635476446288976,6.342595357634156
19.69082787653136,4.831187483747675,4.047366161881774,0.4282773955444484,2.982094202702101
19.387211309515617,3.17172010494817,2.657134021586191,2.80334238115323,6.647576382801439
20.146713686433323,4.91246028266872,4.115453102688983,-0.1718991932648119,1.8856786166832644
5.404050856814538,1.7964319772887682,1.504975334006448,0.3912709145328298,8.170016434434148
5.184633858532305,13.357909211098423,11.190695851974997,-0.1153175137352981,0.7832373301607193
20.30780176889206,8.90388680331073,7.459302765246959,0.895731523649679,9.459023882462787
19.52125137833652,10.186534787167345,8.533851427440478,-0.2175833480939949,7.370186865057679
13.50943921382166,11.837568579110076,9.917018262532686,2.8555070746020643,3.435268297472441
19.903286888129607,7.476632983935859,6.263609401578674,1.9158642830743953,4.993082056419553
11.510964701748238,1.3038043213113553,1.0922725540134348,0.2611187940974143,8.4605681135072
14.176715411692562,8.056598127278217,6.749479863888674,1.7119068490810567,7.181396954536456
20.09612077694098,8.802616770313186,7.374462980795259,0.624785258626654,8.735496580014363
11.13627263903298,11.18159211276495,9.367468703173317,1.3605252525772098,5.108933903162215
5.22745993460413,6.474893193445191,5.424393837148258,0.6491656657174684,2.4667518251267917
19.033023856870788,1.9137045419334564,1.6032213680212177,1.0065753357208116,8.839450215671238
5.3240839693947954,4.256638586980867,3.566033203692248,0.5439032833242984,3.6343158083908165
11.828190232121074,5.446234445979527,4.562626700057855,0.5192169189594789,2.5428497776741406
3.598148937207719,9.68875861997402,8.116835440777376,0.1782675704662807,8.825270825636498
20.648709887589643,8.561674570033679,7.172611715105161,0.8683939123546641,8.285925971903367
22.560084538268796,5.341450888467694,4.474843432192208,0.2302880163303726,2.129725961065072
12.72151384760507,14.797728731894695,12.396916233049328,0.3532382754818453,5.196480932197945
10.398569355926108,9.086622290353308,7.612390888885122,0.2162673249056171,8.6888659554953
19.482388700963828,3.558401876039917,2.9810797846099044,1.80730679560041,5.110969789632504
20.122009814645363,1.526737089306056,1.2790362729938587,0.4622667787642913,8.751930826763102
20.046436548156148,2.2928870877649805,1.9208845947822286,1.6241691340278377,8.162020101114381
11.714491982874588,3.689365925767622,3.090795970345618,1.7066507194177192,5.113403602355924
3.785811387212268,2.410220598893335,2.019181687203758,2.2945453355293033,8.64720085238636
12.367449856663084,2.7985053607695862,2.34447036864677,3.2521240789054384,8.322860235648928
4.88435171761176,4.276427530407706,3.582611550170131,0.5946624505489232,3.7166219657112682
5.629628841923612,2.6006039294213226,2.178676853217807,2.650315759605798,8.22742774314201
20.029756139495746,13.451481369396378,11.269086679998834,0.8755448006692015,2.6812091648595207
18.64014385902008,1.2035061849246331,1.0082469837624284,0.1912085866992213,8.28102023174978
19.554497478599227,7.86767084355382,6.591204512792345,2.527619132689065,7.561942374899808
21.08078072555462,6.155952404844923,5.1571986269091274,0.4982623514957848,2.323330764128242
10.930731325984253,14.735679253629096,12.344933783695119,-0.5265427135512212,3.55090803192657
5.232253697161004,1.6805835325207852,1.4079223678696753,0.7521111377267118,9.03034947589814
7.314658566673509,5.967833985686124,4.999600908606673,0.3060056092468498,2.0339482734323946
12.083587368433042,14.542056499130531,12.18272476420165,0.391610593888261,4.53481318608732
21.75479418198437,12.982606888409704,10.876283313352578,1.3443140552859567,2.0614642469529043
10.411179717166572,12.2560810642392,10.267630462190624,2.7680425623402938,2.5178679150569603
5.791662693962936,3.8685424056740976,3.240902507137688,1.043640491098666,4.240837451695379
4.191506397106813,2.563313810850987,2.147436756537258,2.4164472408527007,8.029535049570436
5.6476885381006925,10.029648298866466,8.402418510348866,-0.190019073121149,7.761431540301295
12.707202535703994,13.940639836913787,11.678883119463883,-0.1047294274393664,2.195530640641781
6.632411303931635,8.351443395208946,6.996488857935847,1.1452703846911514,7.784463440100247
19.45508091319105,8.574190342048498,7.183096903749364,1.1318134615762228,8.77640409157185
4.791877749642724,4.199686404904263,3.5183210552075095,0.8297570323473868,4.109754812672591
19.81312835583864,11.542393997879053,9.669733383620201,2.074439553134741,3.7532626939127427
19.497945775647388,2.8056562283628503,2.3504610654728477,3.022185411858214,7.911323815658176
14.326727963283783,4.855188546063655,4.067473244828504,0.4568506092504494,3.0012892601700645
9.727213406702171,6.381546579246252,5.346191960506959,0.3895698961781008,2.0748744710279508
19.579813182904143,7.614155680266825,6.378820146244067,1.933900911525208,5.467203357609169
3.3925167654387725,3.636145986226204,3.0462105380555347,2.005974513495895,5.540675537185277
5.821902504375224,1.722552371088053,1.4430820998490417,0.3512196563945565,8.279045504191897
5.812525822394198,9.159300636624488,7.673277757877282,0.3228601015980976,8.967151237470972
15.86003970487479,4.329458298603837,3.627038502644581,0.4761006030420687,3.506416319635695
13.135482924968027,8.718573321339184,7.304054905627505,0.5789634343606982,8.393736084702423
11.20461357244134,2.3154407291130346,1.9397790891744278,1.6113458271898553,8.020685403067034
11.239585236943306,7.217101527822262,6.046184837338157,1.7149370202071998,4.159512836116998
11.496322951064808,7.988841488273788,6.692716194734475,1.791598024962379,6.954817358632838
11.981629840729628,0.7773530523364036,0.6512337702575061,-0.0903895727248278,7.13517187684009
13.03521598756667,5.049064172908809,4.229894110163664,0.5680585264950895,2.963041630333794
5.069802084990019,2.0162201540846136,1.6891046464245074,1.0198369915834795,8.475715962009303
9.430298206363684,0.9506245570915162,0.7963933666348688,0.112394860698863,7.814277690637502
20.440014450053333,14.849403485849178,12.440207173689185,0.2806706390310766,5.225893874412411
10.566689339099362,4.835307674620845,4.050817884916051,-0.3205216344625589,1.7292191622304542
12.756069773276767,12.148116687819522,10.177182437708103,2.4066583970930147,1.9277091848942036
4.091975924478789,3.8196098214564578,3.199908841244541,1.0747316169066443,4.233180853149579
10.311766429052437,10.22254083335894,8.564015782160567,0.5073414460998309,8.485480709839637
9.74528557032284,11.403417898345298,9.55330503873492,1.9360496071649491,4.475463644974758
10.708073698007604,8.934581109117664,7.48501716674832,1.0231211569059313,9.74355422884934
4.579354677234641,7.073642828252376,5.92600115822821,1.4982946823216827,3.6941449712791075
19.16764442689577,6.177613712209028,5.175345561331054,0.4034870526091124,2.1606996006286714
14.244066467233775,5.23302399814493,4.384007932968319,0.4948486789497557,2.658074977964712
7.092387275685461,13.942937163717389,11.680807723466307,0.6706388065557622,3.493096763185858
14.530712452608848,12.459291116815937,10.437871317740138,3.0478988000314007,3.261096199205446
20.21915032766394,14.475403659997689,12.126885812265478,0.3690551498882682,4.315026626911668
13.245503724816368,1.864458352283171,1.561964976655184,1.133481434816745,9.211894776488556
20.249383683710754,10.963012128054665,9.184351563389956,1.2013117305213383,6.32967220730496
19.625179192450403,14.075106852315567,11.791533942860251,0.2739677275819118,3.14058270564169
4.470239796232962,2.718495992484902,2.2774418770143634,2.6060863409264323,7.586311662893797
20.721672064043236,0.9974440105016624,0.8356167402024435,-0.1910720166286849,7.38688665371266
19.92983428854135,11.116809739350886,9.313196748933388,1.3741754340892525,5.588037134621017
12.272799382587742,8.617096697698678,7.219042048203476,0.5231880416106439,7.932784048520004
13.244108371775232,12.62743165137408,10.578732402577078,1.8877605089999177,1.773083488308903
18.59153870363644,2.0965856493943424,1.756431486335747,1.5352980552395452,8.988060983125074
5.081874139386323,11.929009677898351,9.993623778316536,3.271510723951811,3.7923426666369138
10.616752013733562,3.024409800716168,2.533723629699969,3.024735087200684,7.2431217294255665
21.57957214573071,2.4548391429855676,2.0565612312928327,2.671944477219231,9.033878339672203
5.361636025047634,2.4639869689648943,2.0642248960642915,1.9083306533446192,7.711654801224942
5.610370265433465,12.218620803470731,10.236247827515484,2.801889601912342,2.564620751927847
4.323077999694041,9.977958310443002,8.359114806910123,-0.1604526343824255,7.9044739678288956
10.340211136887495,7.84598137153679,6.57303398320596,1.2144066994377627,5.2670569494250135
20.23421473253652,5.3824572618525375,4.509196851225857,0.0080530874114419,1.7306637309263146
19.308091930118756,13.158008112196624,11.023227098973818,0.748241116191297,1.640464347000046
21.053152853332904,5.886676611339531,4.931610665664834,0.6028863183972424,2.5404903539290222
11.293442541572515,12.248991592073656,10.261691199877799,3.0089011525112976,2.9163783707344635
10.725233445802813,6.587023628553276,5.518332010796095,0.561780794446098,2.2643975218479966
17.80119404337992,5.654166441373613,4.736823401171543,0.6251183048328812,2.6280910527932715
11.918557700223282,6.940196785044097,5.814205662496542,1.828255359324,4.228599681079525
11.423166683655262,4.520668112462131,3.7872260617143114,0.4719691684397524,3.3850831921648026
22.455300139910893,11.214140702643768,9.394736546066117,1.5498086862326124,5.1918870874318985
7.463242112485286,7.540805851387187,6.31737073729731,1.7088407753172306,4.839906083903939
13.916515232847765,3.48319042720226,2.9180707885741097,2.2636751105968496,5.789724957752299
20.707751935455477,13.493618599118529,11.304387483022229,0.6489208018723616,2.409942005527236
4.763181393259991,5.758368320598171,4.824119363374776,0.6631791536273758,2.6641168727762046
18.918943459591738,8.153292916709828,6.830486701253679,1.7681732164641992,7.792968216827301
4.782318796772779,13.597081664468204,11.39106449796101,0.0874333166398582,1.7257479313748567
5.214093744130204,9.36356993870988,7.8444060082200515,-0.2709572358017046,8.14003082251656
5.276690799330019,1.753470610625461,1.4689841036337485,0.676572230067728,8.752318762217216
4.498242956415464,14.097481854202126,11.81027878060715,-0.4936787944671656,1.9144883770233054
19.43753322410573,9.415620796071268,7.888012032513274,0.151694528021433,8.859557433621825
12.751375781436572,5.023584219856292,4.208548074610704,0.0100335109344875,2.0611273800048857
11.567012041619794,2.0890810899508088,1.750144481318085,1.168633550582661,8.410842390891268
19.93424973892701,11.91037783905444,9.978014805507227,2.4975892058897196,2.5635945521596843
8.023545287410482,9.301091338927703,7.79206405886478,0.2341596778442129,8.950093070768967
5.099651365087642,8.001916379644824,6.703669790115202,1.3948038501506943,6.362359314358621
10.766669406650353,13.408388745764364,11.23298548804517,0.0617611742555907,1.2132162891431388
5.7674347291529084,11.82895816836796,9.909804821697536,2.0518268072467025,2.132056464711611
21.79587767309552,2.275123195991267,1.906002751610106,1.7656196211607535,8.491441029363331
19.274256186846536,4.675831016933223,3.917215032593255,0.7132652053107912,3.6355637667610914
11.779413927746791,3.727337097216986,3.12260662455189,2.2659266580265207,6.097076716714884
4.40842861116417,11.159194388590157,9.348704829646739,1.3423061582837157,5.237451095680931
12.109976950782606,0.5029865210366907,0.4213810024916148,-0.1747851790906003,6.330467616562326
11.211367467478858,8.548345273069748,7.161444989393321,0.8070420753725516,8.12808816190566
5.250492850345877,11.43688028611036,9.581338423154728,1.8852501880427224,4.155081451035246
5.849602097021025,13.151484551426242,11.017761933482756,0.8872158196082779,1.8517574249224085
19.4288210102172,5.131226230738612,4.298726034772178,0.2690904925782055,2.378249076935587
6.453534077157316,12.318859570080193,10.3202236602582,3.0780589062259476,3.0817593221469832
10.552614809129842,1.6594760543281084,1.3902394082894298,0.4673381526548841,8.59302638544025
14.284686115904488,12.696784376017773,10.636833205309626,1.7850505194788342,1.820974643193428
5.482472415243185,1.912329934979736,1.602069779992583,0.6556560230591841,8.25929729558157
21.50339830176715,5.959309358405509,4.992459333556173,-0.0613264574264973,1.4229338459539014
3.6718139511015697,11.959430486693304,10.01910905549693,2.927122741997186,3.126919187183328
4.776537214674149,2.248761410231607,1.883917953615957,1.8163826847768416,8.713501036043684
5.117327383308782,3.4387709284896224,2.8808579963523067,2.7487091656542835,6.559058880570786
4.227174785462428,10.833788525895994,9.076093451600066,0.5290205617640155,5.994226736902452
7.190455625809978,10.800548048191116,9.048245974117544,1.1595623052983144,7.233285968364265
19.537724711294956,9.61721449327946,8.056898773355742,-0.0484644510734392,8.49262821822909
5.758969220493267,10.4092266670065,8.720413340431623,0.2328551535657683,7.455740604769568
4.885263558533101,8.140866650213942,6.820076496577672,1.102195885055889,6.616528862104111
18.918936672400104,3.7769858836042913,3.1642002945716254,0.913072602068938,3.908759866606249
19.63716143956034,5.185439902558792,4.344143974269353,0.2999271211396787,2.3766607998975564
13.322459635424176,2.723965752021385,2.2820242120481544,3.0009599155853763,8.219885194532864
21.117295831588127,13.626758420004425,11.415926438541002,0.1283319146659989,1.864027704840552
4.062174960084877,8.750876921491807,7.331117506407233,0.4384796586904818,8.265869087845642
19.63903383418092,6.012771251454598,5.037247464342846,0.3741205508393643,2.1410339440086745
4.025318329772679,6.93008705466199,5.805736154577023,0.9765794717597792,2.810424267238223
19.441078152728412,14.20925009417723,11.903913522369937,-0.1359426673551277,2.7827773714593715
20.49331790088089,2.300271046741203,1.9270705657886578,2.0768559953368886,8.877342190633698
10.865473882073545,8.793447480251958,7.366781334316594,-0.0008201478634752,7.66561982462868
5.153725105945528,7.58833018326699,6.357184628470737,2.072523666482718,5.605540281149303
18.97348470058894,9.171813531519716,7.683760536191413,-0.2837322038047944,7.971124777110515
6.1428228145150205,0.2716527573126076,0.22757928178685308,0.1416840298901722,6.222884591871794
5.496714153011233,13.081858634162272,10.95943226143584,0.9200191632105318,1.684464940621945
19.960444846143343,13.981774237254186,11.71334379410901,-0.4254568280605724,1.7559729536776412
5.6621306745210465,8.476997753838134,7.101673031454682,1.1194242672813817,8.337766183451784
3.5876962986647083,10.449762358153384,8.754372441635686,0.0512297239446176,7.007267478881254
21.54750520133006,13.837490717659437,11.59246911539089,-0.1405621354650407,1.9000764732588886
12.405685238669758,10.60857951470098,8.887422791575405,0.4931156024621315,7.0918145546767075
14.503532287934089,2.28808564371392,1.9168621464202464,2.1518120813838326,9.06681928996973
19.3180157520022,8.644325402502197,7.241853114597476,0.2352125267765011,7.556582899369787
19.34737602069761,9.100725695742838,7.624206130155082,0.1734254392668423,8.63885135185795
12.335826036418696,6.36196006953579,5.329783204502733,0.6764038111246007,2.5605441629177905
19.636387787786145,11.046663534370843,9.25443120166872,1.416900246271105,6.139887151448076
12.336138722715624,14.015505221535223,11.741602197419851,0.1045626406138862,2.717853606757039
4.285648581973632,13.883527693601645,11.631036962167833,-0.023733981137494,2.1996960129613266
11.3821845508163,6.762590571061981,5.665414628609047,0.9128328254380282,2.7589372643535515
14.29432547919092,1.698570687611329,1.4229912516807237,0.5773472867367707,8.704910396250357
10.444130768510316,14.77261798443502,12.375879502450536,-0.3202660113167038,4.001236482461937
20.64084286126701,12.583471296689012,10.541904261956327,1.2579691523939065,0.5933682830749829
5.963376129244322,1.8699402180490023,1.566557453779958,0.9675565617735776,8.918248458048152
6.053802052034903,13.812628239260585,11.571640374194127,0.383432462434123,2.7168252432918187
19.759674601841866,13.048445430931924,10.931440081755476,0.2904949319685785,0.5257294089237339
6.88618590121053,7.782570856891081,6.519911314680278,1.5435973460443173,5.515958864778394
5.791031947043047,8.869131536173938,7.430186260737494,0.4927690775423478,8.699948806136359
3.762184501173151,5.985040558051954,5.0140158529634595,0.8191557571708961,2.8867571550753457
8.683297036488172,0.82142458233047,0.688155048887325,0.0322922532525618,7.433293013584765
5.82541634898803,5.027958624688514,4.2122127674333,-0.1648694542347085,1.7647552939167348
11.641577929700386,12.042801728970172,10.088953984098973,2.939640137037359,2.95111495154926
19.475479733720228,0.0694803450690428,0.05820771777007704,0.4130219413550506,6.091050198704334
18.429775280109546,5.002487575367162,4.1908741910527185,-0.1354774955277307,1.8422886058712364
5.46210347426327,5.97253040386415,5.003535370699011,-0.0453444624736269,1.4476999809783577
3.937696286273895,8.060934044068842,6.7531123130449435,1.3152705588293965,6.543502456118248
6.2669111491866225,13.797834246191409,11.559246587542557,-0.1675878231676489,1.7647901500052672
12.779019771361758,5.1951899154894186,4.352312126001423,0.0708917209354613,1.985791043164758
19.752481364448496,5.204298028443415,4.359942520866581,0.5209645612195644,2.727480669976803
12.620152354835552,11.062518721646226,9.267714012299555,1.3426841506917202,5.90900604524292
11.283513829852325,6.7832691133471075,5.682738243683686,1.1208476885450869,3.096283368600953
5.130740577286091,3.369072344099729,2.822467446836334,2.530423254831806,6.1521705602325625
13.641287277706423,6.786592741990401,5.685522640304761,0.7332974978875507,2.448913125819188
18.719570647503716,2.112855305696998,1.770061521726908,1.6305229472858476,9.072297926223499
5.542560043585965,2.6458047975933496,2.2165442439871725,2.622937221954328,7.9563560404212925
13.769160181081933,7.475516591092196,6.262674134497028,1.944657520412849,5.03797597242072
4.848214904964417,6.2838817425682185,5.264372458261159,1.4137510399070248,3.8163524087554324
5.747293605123262,13.7226885160215,11.496292647849112,0.2438970342279682,2.2790436809162595
19.75876394214367,5.435908486749497,4.553976044682301,-0.1893597012162785,1.3679283662290793
19.222183312409125,8.708825254170652,7.295888383973275,0.3360403829898806,7.955753635152745
10.203183161116728,9.483964318792957,7.945267368220714,0.3889253448361505,9.259650079263285
13.457356426431533,0.1964168488250045,0.16454979448263768,0.035138653922439,5.829963987076958
11.22919962399496,9.95306058025066,8.338256533239901,-0.3811712937041848,7.578405686712314
4.073069528421917,2.6705395030462715,2.2372659423710677,2.967186350400038,8.410646303156435
4.284696290740031,14.416054762041828,12.077165795781003,-0.1916932846881614,3.221193520582685
6.158595579007404,2.2299409162966946,1.8681509334871964,2.220004652129961,9.483051082278223
6.356240028570823,6.219361855905356,5.2103204044076925,0.7120559086294553,2.665020591750124
5.3756980183456715,1.280245021179658,1.0725355608887792,0.0216403987756597,8.050791788061309
5.259882794248424,14.953113777689213,12.527091304608199,0.3847943387231453,5.703065945552007
19.00164595926121,7.5329251549686385,6.310768620504328,2.018189706319414,5.33045711026123
19.375181422304323,8.930775259800656,7.481828785880325,0.5142882721343086,8.886800226522272
4.496524345883801,1.006147160826412,0.8429078743686625,0.2017324515065054,8.055399443249655
18.569224897881952,11.249407055987668,9.42428121715521,1.4539228004979636,4.778560275082656
4.269633368282864,3.1485838964337862,2.6377514768660024,2.7414292912020546,6.568000384879175
12.844453855035855,13.470814341610708,11.285283032926992,0.653825555126202,2.360835489562113
20.342725346377705,3.0770946072301077,2.5778607499933,2.881789555724948,6.902817615083215
14.823036744712551,2.8603158099549986,2.39625256946703,2.8209378050964564,7.371951938771087
10.740417236728836,0.5482450177214232,0.45929667201088775,-0.2791826216368864,6.27405093476836
19.477139972846732,7.081004176649989,5.932168187040599,1.8050582030544675,4.208313735907956
14.864124960705196,8.472616998939246,7.098003018812676,1.39536404950826,8.777864422001816
18.11045926905447,0.9856295914252856,0.8257191156219696,-0.2683930467380213,7.238857979043322
19.99639746090943,11.63291425042516,9.745567453060184,2.629063911211526,4.108504160416139
21.550500492814077,6.799332521220414,5.696195492794725,1.6477755968687149,3.967610006452013
4.410635243055788,7.8658540399137005,6.589682470933994,1.7255516591953135,6.216202465601599
15.229773686267334,6.611441204073422,5.538788031028778,1.0438282275334392,3.0548356849801235
4.861735698828816,6.01144591312989,5.036137151504333,-0.1002385257312347,1.3506292728006428
10.984257432731832,8.394604969623268,7.0326478139618205,1.026871071818804,7.798512391817634
9.292676849003222,2.328603688960688,1.9508064646295968,1.8552630746593872,8.356740930692064
5.307299520876609,2.728921957429067,2.286176312981076,3.083173972053527,8.33481921183699
11.333560109885832,12.92678431520276,10.829517503781535,1.627062198418152,2.3418382369978987
12.466875231815305,14.19173193200449,11.889237541146931,0.8014674263304363,4.301817624832555
18.648315394383665,5.599639744196294,4.691143222164402,0.2314038309467085,1.990606475818408
4.765412866624852,4.0611700971533065,3.402277904585433,1.0706576997598414,4.460798669173317
13.127080685057685,9.659993148585237,8.092736935819497,0.0897057871436437,8.697907967056329
18.72325142417969,6.131012566471446,5.136305076771572,0.2011938621523465,1.833218955693337
20.285865390724904,0.3807953349051729,0.3190143537758283,0.1046911614866601,6.466949713545992
20.256029734313877,2.3422889604928554,1.962271410898354,1.8578709911857645,8.28751464868908
6.465648768921554,10.739583432710964,8.997172377285176,0.6631969860975437,6.7356565722776365
11.76648414691188,9.88385912865227,8.280282460717437,0.4361539250571182,9.045554383199246
10.643525062343388,0.4064398875522523,0.34049828396267134,-0.2983668005303566,5.86557755324114
2.974857413342393,3.3295824289942417,2.7893844529199914,3.0331650246845325,6.977338806810384
18.476813095216222,3.466121948821071,2.9037715335633636,2.8092734881287735,6.683107256142888
3.5698586220393675,10.078391153980926,8.443253229160224,0.0418953359511309,8.050675737864546
13.234755875942872,0.2956580663154623,0.24768992242965873,-0.6345569594569924,4.997150184412927
4.665498764159052,1.5616287297686076,1.3082670253535515,0.1966228772350691,8.27616729350653
5.714000494092092,11.99874128059784,10.05204198918687,3.3890936140955255,3.7942359194938127
12.036765261388414,2.678169930815004,2.243658394590267,2.697965879894943,7.925710007863322
20.13296967414687,9.79119161777812,8.202649508347122,-0.2664733826399544,7.989749201494017
5.357015485965047,3.572741715700898,2.993093100591929,2.009585511075181,5.465452821129682
20.02688583899453,1.4916208913901774,1.249617395821984,0.5605127379393153,8.941333685114135
12.173511951439288,3.6475828649918114,3.055791875204876,2.136416145124715,5.773301183940203
13.462679600126627,10.834003977834888,9.076273948194315,0.6986815522818677,6.275756421217671
13.15629779083045,12.835447021594286,10.75299895162176,1.382733287597984,1.6190587280994235
21.01437006501813,12.453297968504874,10.432850509551896,2.3252440188318055,2.0438029472406365
11.924642835826294,5.957752944276822,4.991155435104806,-0.0908726648672537,1.3739102929003517
19.612298440064016,10.021277048559693,8.395405428091502,0.5478834340622111,9.007103104281496
4.965288230294757,3.0747644312373144,2.5759086263184923,2.886581485212972,6.91481670859524
5.404981710960955,4.3972159539151985,3.6838030232180863,0.7911583176524314,4.002472204641401
12.101277722115164,13.445037277816796,11.263688090461375,0.8281497405644396,2.585705011982127
12.16409219190734,0.1950288526610405,0.16338698953545897,0.3006418242143274,6.268469001135816
10.133017945032874,1.2826279628170212,1.0745318894066123,0.0276324935165436,8.061975599329111
20.710959968203493,3.11829382719041,2.612375727796211,3.079431106443585,7.168866450267413
15.113101197968158,0.3979830581072957,0.3334135070941547,-0.0038172921161354,6.3333487945429745
5.346448209496976,2.7215315263469595,2.2799849199159,2.5050464437117026,7.404265920059324
9.50771990659656,8.745623414545383,7.326716338719642,0.5212099631120937,8.386831785087146
11.100911031833968,6.321368258887469,5.295777088735087,0.1448994739894283,1.689376296413194
12.602567583148412,13.390075666154624,11.217643558347419,0.79074354049677,2.37978644976911
19.021627222384968,12.261653426076611,10.27229875312704,2.6621002020593787,2.3439448319108696
13.133086838738636,5.12726027546814,4.295403523854263,0.1000222738187968,2.1004808236335397
19.565503772567684,3.891351501469387,3.260011010547157,1.4404018637260116,4.928147673095788
12.070470890647114,5.695386122509004,4.771355520488411,0.0014629627531963,1.5766305927330417
3.575251813786543,8.854424137722116,7.4178650194229165,0.4955573895007963,8.665743134931274
3.808696502797352,4.020954612343144,3.368587058814724,0.9154168730926346,4.174872991145935
20.17086543812794,9.36223361773701,7.843286494579729,0.3266067312516793,9.135448475125044
18.484255885002767,6.141174782868607,5.144818555272241,-0.088031730536242,1.34918428801732
20.26705026586926,8.280707712779703,6.937229471198148,1.125157118087062,7.39259308477612
10.654118442771251,6.54189793702975,5.480527599868503,1.3803554357174486,3.652246307415062
20.02874482293482,4.416986393128765,3.700365867642508,0.1028805677671979,2.844321945400429
13.286489434803029,14.226799604432353,11.918615765701025,-0.1822560012554049,2.7492360780238703
5.51503526720866,11.454086912396413,9.595753412683617,2.381029712986568,4.861451118423891
4.297946906122648,2.1016976364967883,1.760714094636091,1.3925292318438591,8.72686005822067
10.04329574924272,13.027019638468692,10.913490451835521,1.1500072839848363,1.887099503829493
5.822544912103189,7.311467973742705,6.125241086204569,2.076916077625902,4.894084339218566
19.050601111168056,13.41828340341137,11.241274817051469,0.5917688048001224,2.1224756424820903
20.39913611435207,11.997828839209728,10.051277584077077,3.3328958140764584,3.7027552827600667
19.299879185060828,6.378202567038501,5.343390487390858,0.6911784958341456,2.5788795814492342
11.610612972954591,0.337039624801761,0.2823576557988993,-0.0698804971450895,6.054543679829835
5.331263431403564,4.030160390774191,3.376299273718605,1.239873267296908,4.722335042828347
18.620680771985473,8.124513219913004,6.806376278845826,1.924056532297681,7.898704731988586
6.09877685198719,9.50217329739221,7.960522086459857,0.002378529525681,8.613837890161479
14.213034325424328,3.868315281498034,3.2407122320328954,1.1191278597213403,4.366384605335663
12.556718810056964,2.090341111092362,1.7512000741611973,1.6435736751398,9.196739989231162
11.179711588139412,12.523953551989488,10.492042792754658,2.243679368183366,2.074215403154786
18.651814577894285,14.76603271055328,12.370362636304206,-0.6503740688874666,3.432021638907921
21.577453279763475,7.885352734540287,6.6060176591455875,1.978232288234931,6.734099362799713
12.500493157930425,2.5751892877245526,2.1573855327782896,2.344049398259191,7.847253069147662
19.560268941725823,4.084609897790534,3.421914786047706,0.8980377730863239,4.186405084050559
6.2776648957884245,0.275860148212001,0.23110405734427036,0.1013898615139743,6.167673452953153
5.588317206484576,13.714482098407483,11.489417655505516,0.2158345225797941,2.2134383870978422
20.593101257968385,1.766266243352117,1.4797037478396406,0.8675954332311973,9.040214695669738
5.547097381170038,8.647747132713803,7.244719696596236,0.4050961025745139,7.852503937887011
9.461303055427772,4.11082831030809,3.4438794719554235,1.0273823134751172,4.414588503346156
20.40825275571447,8.3126700377369,6.96400616593873,0.955395327634078,7.273235474390236
21.278451862607294,9.771305825277963,8.185990025779306,0.2540303878357695,8.878268947571419
18.777872191108056,12.446127055608024,10.426843019611555,2.6431877655667533,2.5586364315082717
10.496205953043289,3.096319076409048,2.593966203631093,2.691665009427146,6.5545985200397565
18.59333890315178,0.1649374298772071,0.1381776581344575,0.326763904716106,6.225075359635314
8.94281319723322,2.053284451032109,1.7201555592247,1.0634775507711178,8.393051482625674
3.763049289121918,13.500279627721577,11.309967813295481,0.5583498467884602,2.2755845499676686
4.090612545205261,13.108351163437728,10.98162659086165,0.9884309025893973,1.883984093107415
5.504987278980457,8.961196532554624,7.507314451746116,0.7882146356225181,9.410877921717596
4.171004989077927,9.0077529065048,7.54631742838069,0.1392877866922993,8.423919348274959
10.709379952074071,9.975550118193832,8.35709732448921,-0.0506369092559736,8.09163757289258
20.645484181141075,2.6305691793517436,2.203780482296312,2.611447697784905,8.012220544434939
12.85589800288974,13.716179188874396,11.490839406690403,0.0668094836046339,1.9689605223078241
5.915402117702074,6.281557873381097,5.262425618163514,0.6932310882532611,2.6162021511121885
4.5342702464297435,5.747077923742462,4.814660742623307,-0.3907205603684988,0.9101328953344193
3.086719755342202,7.783765579242563,6.520912202936943,1.5291628744711014,5.497388006559026
19.26906996005808,0.7044895016258257,0.590191744757021,-0.3049002963062853,6.6139197334202775
19.81509786355701,2.494250531341191,2.0895784387930463,2.608023308379963,8.714636676999888
21.25575612557352,11.070504246395556,9.274403949869571,1.7776558681567094,6.57963445239831
4.009463674869312,1.241980018876897,1.0404787475223927,0.1050845457098846,8.167038071070213
11.1348430041475,9.047281641995824,7.579432944387167,0.1323571627617698,8.484505918901235
21.382158991037528,3.6802366452198143,3.083147842158537,1.9097196553631737,5.4394664873814635
12.771658251088123,5.839434210629648,4.892032964596004,0.4764121011786937,2.3372633640327267
4.774223699513464,4.330406051560498,3.627832490304865,0.2328898018296476,3.100756446271005
5.813509636000639,5.335090746974237,4.469515172514439,0.1027971840481944,1.9219065055622468
11.134644516506397,10.785688577763684,9.035797333282595,0.97924383231275,7.014957682981251
19.183064329012765,4.456825734347626,3.733741596095049,0.5097711988225317,3.497038252664015
5.513785950912209,8.496069604453458,7.117650627663606,0.7984423158379771,7.888072201184666
19.547693680750925,7.140756032986495,5.982225785148631,2.0581630235415713,4.662994467172643
11.169526041979228,9.95506748043972,8.339937830010689,-0.7603306433186228,6.943184507050522
6.5792128155073915,14.05244608987137,11.772549706908402,0.2477889393707194,3.0433067305449915
8.81415641353529,10.988581458153757,9.20577247528236,0.8823670785984826,5.63336855743793
3.7391160456649546,3.2241056788613514,2.7010204573621213,2.303861112173192,5.777283369365894
3.0812287847009587,0.4677470259192701,0.39185883209772093,0.1582844905051043,6.7922758276116895
17.576120673371044,3.933960664497376,3.295707179492314,1.666092684997421,5.349561141654006
4.481729781726353,8.926168960503823,7.477969821605346,0.2206353537228916,8.386753655751003
4.689733243406544,0.7713872022637552,0.6462358313879992,0.3067603454530956,7.78408663468416
20.632931817755512,7.445493708018545,6.237522222789357,2.477750434172506,5.8463738686885955
20.44426331148604,8.952642733753338,7.5001484380196075,0.6371868625444056,9.140637197844761
19.786011155774492,5.013658362254413,4.2002326075913325,0.5481381786643268,2.969068009407051
3.9756123586657104,11.56368305618733,9.687568463402368,2.7025918899585197,4.661846831194088
21.10330188201652,1.5989737970065772,1.3395531557222506,0.4439924390739763,8.64455461614809
10.8404853242168,1.1270667260371314,0.9442092124330006,-0.3907085686846392,7.234134281855787
13.75167309248971,10.92283134305405,9.150689787663717,0.8663812538009568,6.02431116247996
10.87727019516517,7.432369743092977,6.226527515643721,1.737899217785608,4.580180510135075
5.686260190374513,10.32603594641604,8.650719645323935,0.834000228882996,8.732121879571437
12.484077840507137,6.522410079056193,5.464201490150122,0.7163460643903949,2.5554744260801097
4.964173960890048,3.696030498586602,3.096379269814264,1.88505462573393,5.419795336097101
20.97255444962673,12.286534765112997,10.293143294974556,2.928979120009937,2.8042842466174416
4.530525614065048,11.991238184534687,10.04575621012789,3.0128504379946826,3.1853925185365304
19.60666118767264,10.420447062816402,8.729813317244092,0.756403065233176,8.288779512323979
10.481843437109749,4.082177058449441,3.4198766553273474,0.743292581257967,3.927204063541796
20.19652116970147,8.853460003036307,7.417057307837314,0.3787655327438438,8.4685047419515
5.6819529712949635,5.414608454100402,4.536131771057869,-0.1880867643606144,1.3829906608523994
20.12810441491079,1.3737310998995125,1.1508542750539024,-0.1829375455592287,7.735882731646123
19.201702755461547,13.75970363193364,11.527302358841473,-0.047916987596631,1.8773528069320362
4.979098406035852,2.052279463784421,1.71931362307689,1.2108269009358037,8.64295207361176
13.02907718999766,14.253560307312036,11.941034759720152,-0.1101035661831532,2.9365552679240103
20.583928185325963,6.690086594369336,5.604673839133404,0.8301649265407977,2.657067409095307
